b2a62d5f5c52cd3b28c2500c6429df6d.PNG,bb8176ad7809e8ffad22ccdc7db5b473
7a4b8d8e24fcc3f70fa588e6be659b8a.pdf,bb8176ad7809e8ffad22ccdc7db5b473
c7faccff7fe1e356a7fa8ef0dc3f2344.PNG,a7c5d0a31b1a10e03a8eb9c1f75fed6e
4755f56ea7f328c7cdbe08d7eb40f975.PNG,a7c5d0a31b1a10e03a8eb9c1f75fed6e
72c5069349b29a62f593da307f4bce97.zip,a7c5d0a31b1a10e03a8eb9c1f75fed6e
01aa2373fe40066f2ad04e0104782245.PNG,f872f01f8aadb3d5cd42f0d4aab27b0d
546112724c676e0b4fb4194ec189fa58.PNG,f872f01f8aadb3d5cd42f0d4aab27b0d
76d713d2adc1851ff006bb7d383381b2.PNG,f872f01f8aadb3d5cd42f0d4aab27b0d
212af65d84d315a156d9039d27ae6ebf.PNG,f872f01f8aadb3d5cd42f0d4aab27b0d
487d46d141e8bb12a58805fe9c5aa1df.PNG,f872f01f8aadb3d5cd42f0d4aab27b0d
dd94a0d5580348b06000515b5063d559.PNG,f872f01f8aadb3d5cd42f0d4aab27b0d
25f2ea2574c07e47e41643a75274f839.PNG,f872f01f8aadb3d5cd42f0d4aab27b0d
bc17fb05e6868d8c8e0f65da41aa7930.PNG,f872f01f8aadb3d5cd42f0d4aab27b0d
463efa446e68d99dbb7a0182d0234b73.PNG,f872f01f8aadb3d5cd42f0d4aab27b0d
8e798147850e68675954c4918801b5b6.PNG,f872f01f8aadb3d5cd42f0d4aab27b0d
566f3cfcc530661933a98578ed7d47ba.PNG,f872f01f8aadb3d5cd42f0d4aab27b0d
f22dade4d7c19b060daa716febc5d102.zip,9e9cfc40834d03be0ca4235424f54ac9
a0e3cdeefb07f07bf3c65ed9c573fd43.PNG,d59786344c0f96ce5cff11f36dbf2bfd
