6619878929bc06619878929bc26619878929bc33e1ccde65a9dc2cdf588fb2454b43fdca25e9444d3d1cb599f53699563ae5e1d6619878929bc46619878929bc56619878929bc68401b0eb938d9fbb0a1a75a596cb643d.csv,2024-06-02
6623dafd351c76623dafd351cc6623dafd351cdaa17136ba92e8b7a869b00390867805dc8610cef64427e0af22f6ffe58b990266623dafd351ce6623dafd351cf6623dafd351d01fad36ab50b07a76b954c05ea4030d26.PDF,2024-06-02
6623db1944e4d6623db1944e566623db1944e57aa17136ba92e8b7a869b00390867805dc8610cef64427e0af22f6ffe58b990266623db1944e586623db1944e596623db1944e5aba084531d2a221ab6ac2240c2334bd62.PDF,2024-06-02
6623db8a2f1896623db8a2f18b6623db8a2f18c3e1ccde65a9dc2cdf588fb2454b43fdca25e9444d3d1cb599f53699563ae5e1d6623db8a2f18d6623db8a2f18e6623db8a2f18f1ae8263033fb6e7757813639134e068f.csv,2024-06-02
6623dc0153d376623dc0153d3a6623dc0153d3b3e1ccde65a9dc2cdf588fb2454b43fdca25e9444d3d1cb599f53699563ae5e1d6623dc0153d3c6623dc0153d3d6623dc0153d3e4e2824a05fbfd273b7c3332b9eb58807.csv,2024-06-02
6623dca562da36623dca562da66623dca562da7aa17136ba92e8b7a869b00390867805dc8610cef64427e0af22f6ffe58b990266623dca562da86623dca562da96623dca562daae4deb1db9ac6d5f74824386317be2ae2.PDF,2024-06-02
6623de54c5da86623de54c5dad6623de54c5dafaa17136ba92e8b7a869b00390867805dc8610cef64427e0af22f6ffe58b990266623de54c5db06623de54c5db16623de54c5db23b599c59c2151e21031473c97af76bc2.PDF,2024-06-02
6623de860d7406623de860d7456623de860d747aa17136ba92e8b7a869b00390867805dc8610cef64427e0af22f6ffe58b990266623de860d7486623de860d7496623de860d74a2bf83e802deac0534049664d024e695b.PDF,2024-06-02
6623de93505596623de935055b6623de935055caa17136ba92e8b7a869b00390867805dc8610cef64427e0af22f6ffe58b990266623de935055d6623de935055e6623de935055f3baf2477c407255bc0a9ad4e5991e02b.PDF,2024-06-02
6623df7bbb80f6623df7bbb8146623df7bbb816aa17136ba92e8b7a869b00390867805dc8610cef64427e0af22f6ffe58b990266623df7bbb8176623df7bbb8186623df7bbb8196dd3b3f1461920edbc4c964fe9145da6.PDF,2024-06-02
6623dfd40b1fe6623dfd40b2066623dfd40b207aa17136ba92e8b7a869b00390867805dc8610cef64427e0af22f6ffe58b990266623dfd40b2096623dfd40b20a6623dfd40b20bc1cade59b4a0ac2d4225b0575c4f2236.PDF,2024-06-02
6623e02146b496623e02146b4f6623e02146b51aa17136ba92e8b7a869b00390867805dc8610cef64427e0af22f6ffe58b990266623e02146b526623e02146b536623e02146b548135d24856b1b81b54d7fea5cd98e138.PDF,2024-06-02
6623e0c2cc9d46623e0c2cc9db6623e0c2cc9dcaa17136ba92e8b7a869b00390867805dc8610cef64427e0af22f6ffe58b990266623e0c2cc9de6623e0c2cc9df6623e0c2cc9e01139622ee97c6fccbdf7b79b0fa4a5cc.PDF,2024-06-02
6623e103d2eb36623e103d2eb56623e103d2eb6aa17136ba92e8b7a869b00390867805dc8610cef64427e0af22f6ffe58b990266623e103d2eb76623e103d2eb86623e103d2eb95a61e68dc19f4892345e0f5b3cfb1d21.PDF,2024-06-02
6623e1c8372e16623e1c8372e56623e1c8372e6aa17136ba92e8b7a869b00390867805dc8610cef64427e0af22f6ffe58b990266623e1c8372e76623e1c8372e86623e1c8372e9a9c57092e7feb2e4583bfefecbc0058b.PDF,2024-06-02
6623e236d07fa6623e236d07fc6623e236d07fdaa17136ba92e8b7a869b00390867805dc8610cef64427e0af22f6ffe58b990266623e236d07fe6623e236d07ff6623e236d08003f36c7f1464b6cd7df3649f68d0d01ef.PDF,2024-06-02
6623e27acee056623e27acee0a6623e27acee0baa17136ba92e8b7a869b00390867805dc8610cef64427e0af22f6ffe58b990266623e27acee0c6623e27acee0d6623e27acee0e497ca9ea2f71784527af3af3a77b6da8.PDF,2024-06-02
6623e289b90ca6623e289b90cf6623e289b90d0aa17136ba92e8b7a869b00390867805dc8610cef64427e0af22f6ffe58b990266623e289b90d16623e289b90d26623e289b90d31b1e2f666863389078f7bbda66e08eb5.PDF,2024-06-02
6623e293f37e96623e293f37ee6623e293f37f0aa17136ba92e8b7a869b00390867805dc8610cef64427e0af22f6ffe58b990266623e293f37f16623e293f37f26623e293f37f30e17a1bd6b902773ca92fa0fbbdc56c4.PDF,2024-06-02
6623e308a30cb6623e308a30ce6623e308a30cfaa17136ba92e8b7a869b00390867805dc8610cef64427e0af22f6ffe58b990266623e308a30d06623e308a30d16623e308a30d21ae76cfd6a9ccf45b7490e9a3a4cf4ca.PDF,2024-06-02
6623e34b163386623e34b1633d6623e34b1633faa17136ba92e8b7a869b00390867805dc8610cef64427e0af22f6ffe58b990266623e34b163406623e34b163416623e34b16342322a141a4fb405d9be5621b0c2c98917.PDF,2024-06-02
6623e38ca37fd6623e38ca37ff6623e38ca3800aa17136ba92e8b7a869b00390867805dc8610cef64427e0af22f6ffe58b990266623e38ca38016623e38ca38026623e38ca3803bdd2cf00d284125d7879c2518b781637.PDF,2024-06-02
6623e3a0e38b96623e3a0e38bc6623e3a0e38bdaa17136ba92e8b7a869b00390867805dc8610cef64427e0af22f6ffe58b990266623e3a0e38be6623e3a0e38bf6623e3a0e38c06512d37d4e0b1bf917d83bfc25ecbbe1.PDF,2024-06-02
6623e3b65e1db6623e3b65e1e06623e3b65e1e1aa17136ba92e8b7a869b00390867805dc8610cef64427e0af22f6ffe58b990266623e3b65e1e26623e3b65e1e36623e3b65e1e4d305b7dff55af0dccd332786dc1cede1.PDF,2024-06-02
6623e3bfc33b46623e3bfc33ba6623e3bfc33bbaa17136ba92e8b7a869b00390867805dc8610cef64427e0af22f6ffe58b990266623e3bfc33bc6623e3bfc33bd6623e3bfc33be452f7201aa7c9453d2cd58a8c52790a8.PDF,2024-06-02
6623e3c8925df6623e3c8925e66623e3c8925e7aa17136ba92e8b7a869b00390867805dc8610cef64427e0af22f6ffe58b990266623e3c8925e86623e3c8925e96623e3c8925ea699a183ecd08b0e99cac0eae5e47bc8a.PDF,2024-06-02
6623e3d407bec6623e3d407bef6623e3d407bf0aa17136ba92e8b7a869b00390867805dc8610cef64427e0af22f6ffe58b990266623e3d407bf16623e3d407bf26623e3d407bf3875bbd2dd93e097a1ffdefcc0a510ea1.PDF,2024-06-02
6623e3f94285c6623e3f9428616623e3f942862aa17136ba92e8b7a869b00390867805dc8610cef64427e0af22f6ffe58b990266623e3f9428636623e3f9428646623e3f942865e1633c4796379e5fa5cdf484e31a8f43.PDF,2024-06-02
6623e6f6ce6e86623e6f6ce6ee6623e6f6ce6f0aa17136ba92e8b7a869b00390867805dc8610cef64427e0af22f6ffe58b990266623e6f6ce6f16623e6f6ce6f26623e6f6ce6f315d08fde3a5a7e09a82cb84bc31d39be.PDF,2024-06-02
6623e70d2af746623e70d2af796623e70d2af7aaa17136ba92e8b7a869b00390867805dc8610cef64427e0af22f6ffe58b990266623e70d2af7b6623e70d2af7c6623e70d2af7dc26aac941dd9148c2ce92db5b4e29eed.PDF,2024-06-02
6623e757081096623e7570810e6623e7570810faa17136ba92e8b7a869b00390867805dc8610cef64427e0af22f6ffe58b990266623e757081106623e757081116623e75708112f4288aa66960d85fa3c45a7a0edf4e37.PDF,2024-06-02
6623e769800cc6623e769800d36623e769800d5aa17136ba92e8b7a869b00390867805dc8610cef64427e0af22f6ffe58b990266623e769800d66623e769800d76623e769800d853678c6bc11a4df63bfad2e6de44cdf2.PDF,2024-06-02
664b993537d5c664b993537d61664b993537d630e10f3e9e372abb87ee451d174196d2e984db7da30e49cac479e9813f0368e9d664b993537d64664b993537d65664b993537d66cc24a5c2b61737b6e4a10bebf237d412.png,2024-06-02
664b9952256f2664b9952256fa664b9952256fba0286f04724a82ccfa39df8341ba2c29d58f1bfcfd1c636929188bdd1afb2671664b9952256fe664b9952256ff664b995225700e7e9c93e3a32249279a3dba1f23a5431.png,2024-06-02
664b996bb01c7664b996bb01cc664b996bb01cda0286f04724a82ccfa39df8341ba2c29d58f1bfcfd1c636929188bdd1afb2671664b996bb01ce664b996bb01cf664b996bb01d0848bfce93e9264c40f9192a1cd800275.png,2024-06-02
665c67bbd1ec8665c67bbd1ece665c67bbd1ed0a0286f04724a82ccfa39df8341ba2c29d58f1bfcfd1c636929188bdd1afb2671665c67bbd1ed1665c67bbd1ed2665c67bbd1ed342a5c6b515620e180cb02a0940845bce.png,2024-06-02
665c68a436f67665c68a436f6e665c68a436f6fa0286f04724a82ccfa39df8341ba2c29d58f1bfcfd1c636929188bdd1afb2671665c68a436f70665c68a436f71665c68a436f7217f1ed09888aaa84fa735bbd879a8607.png,2024-06-02
665c69049a5f7665c69049a5fc665c69049a5fea0286f04724a82ccfa39df8341ba2c29d58f1bfcfd1c636929188bdd1afb2671665c69049a5ff665c69049a600665c69049a6019d96ceab358ad9ebcd3e54024f7c50bc.png,2024-06-02
665c6981ea03c665c6981ea041665c6981ea042a0286f04724a82ccfa39df8341ba2c29d58f1bfcfd1c636929188bdd1afb2671665c6981ea043665c6981ea044665c6981ea04568b102ac97cafe1e3abd9907174aeb60.png,2024-02-02
665c69e1a528c665c69e1a5291665c69e1a5292a0286f04724a82ccfa39df8341ba2c29d58f1bfcfd1c636929188bdd1afb2671665c69e1a5294665c69e1a5295665c69e1a5296c2705d168aad9b3f284882ac44b3e99e.png,2024-02-02
,2024-06-02
665c753da046c665c753da0474665c753da0475a0286f04724a82ccfa39df8341ba2c29d58f1bfcfd1c636929188bdd1afb2671665c753da0477665c753da0478665c753da0479a12e02949edba3c8570caf0cf9875472.png,2024-06-02
665c7cbeb597e665c7cbeb5982665c7cbeb5983a0286f04724a82ccfa39df8341ba2c29d58f1bfcfd1c636929188bdd1afb2671665c7cbeb5984665c7cbeb5985665c7cbeb598696d98ca5d1cf1af3c45ae862392ef660.png,2024-06-02
665c7ec567294665c7ec56729a665c7ec56729b959c33a117c5eb5011ee3a9acae61a54efee1c52b4732839a1c7417a347b9204665c7ec56729c665c7ec56729d665c7ec56729ebf114dd6d7adbe6a34c3060cb7ed9264.png,2024-06-02
665c7f2ddf7b3665c7f2ddf7b6665c7f2ddf7b7959c33a117c5eb5011ee3a9acae61a54efee1c52b4732839a1c7417a347b9204665c7f2ddf7b8665c7f2ddf7b9665c7f2ddf7bad3fd5f2608cafbca3e1e39b5b11edb47.png,2024-02-02
665c7fa98c232665c7fa98c237665c7fa98c238959c33a117c5eb5011ee3a9acae61a54efee1c52b4732839a1c7417a347b9204665c7fa98c239665c7fa98c23a665c7fa98c23bcd5c5216cd79adbda646d09d0af44069.png,2024-02-02
665c8f5759363665c8f5759368665c8f5759369959c33a117c5eb5011ee3a9acae61a54efee1c52b4732839a1c7417a347b9204665c8f575936a665c8f575936b665c8f575936cb4924879a892414b9b02fef3f93b0206.png,2024-02-02
665ddf7621781665ddf7621786665ddf7621787a0286f04724a82ccfa39df8341ba2c29d58f1bfcfd1c636929188bdd1afb2671665ddf7621789665ddf762178a665ddf762178b72860715bc144eb13ca2c29a8635648e.png,2024-06-03
665ddf985a0c2665ddf985a0c7665ddf985a0c8a0286f04724a82ccfa39df8341ba2c29d58f1bfcfd1c636929188bdd1afb2671665ddf985a0c9665ddf985a0ca665ddf985a0cb03865fb90df6b41edcef64080bd95b46.png,2024-06-03
665de06e5ce0e665de06e5ce11665de06e5ce1ba0286f04724a82ccfa39df8341ba2c29d58f1bfcfd1c636929188bdd1afb2671665de06e5ce1c665de06e5ce1d665de06e5ce1e7b9b86028ceb03f8f24a628597a3a25a.png,2024-06-03
665de65728ae8665de65728aee665de65728aefa0286f04724a82ccfa39df8341ba2c29d58f1bfcfd1c636929188bdd1afb2671665de65728af0665de65728af1665de65728af2dc55f93a27db6aae8c975c828bb2c7e0.png,2024-06-03
665ded9b0a12e665ded9b0a134665ded9b0a136a0286f04724a82ccfa39df8341ba2c29d58f1bfcfd1c636929188bdd1afb2671665ded9b0a137665ded9b0a138665ded9b0a139b80732640ceed12441740efa1c0bf533.png,2024-06-03
665df43515e24665df43515e2b665df43515e2ca0286f04724a82ccfa39df8341ba2c29d58f1bfcfd1c636929188bdd1afb2671665df43515e2e665df43515e2f665df43515e305f149e84e3d024982e3fe4df1eafcf13.png,2024-06-03
665df8c20ff0d665df8c20ff12665df8c20ff13a0286f04724a82ccfa39df8341ba2c29d58f1bfcfd1c636929188bdd1afb2671665df8c20ff14665df8c20ff15665df8c20ff1684923f0053b4d56b08b5a7f7abc7ed5b.png,2024-06-03
665df99f46778665df99f4677d665df99f4677e959c33a117c5eb5011ee3a9acae61a54efee1c52b4732839a1c7417a347b9204665df99f4677f665df99f46780665df99f4678136e3cec3a8600a4cdf65be5c638b2e19.png,2024-06-03
665f4b1e22a4b665f4b1e22a4e665f4b1e22a4f959c33a117c5eb5011ee3a9acae61a54efee1c52b4732839a1c7417a347b9204665f4b1e22a50665f4b1e22a51665f4b1e22a5258594c8adfd1c4f77f4d88f763ad97d8.png,2024-06-04
665f4b31c2090665f4b31c2096665f4b31c2097a0286f04724a82ccfa39df8341ba2c29d58f1bfcfd1c636929188bdd1afb2671665f4b31c2098665f4b31c2099665f4b31c209a2019e76957e53da96d321b35f4a73d61.png,2024-06-04
665f4b3bb4e58665f4b3bb4e5d665f4b3bb4e5ea0286f04724a82ccfa39df8341ba2c29d58f1bfcfd1c636929188bdd1afb2671665f4b3bb4e5f665f4b3bb4e60665f4b3bb4e6178dcb51c63812813948cae253115696e.png,2024-06-04
665f4b8e5bba5665f4b8e5bbaa665f4b8e5bbab959c33a117c5eb5011ee3a9acae61a54efee1c52b4732839a1c7417a347b9204665f4b8e5bbac665f4b8e5bbad665f4b8e5bbae193a541f690d6b1207880db40bf17d3b.png,2024-06-04
665f4bc454906665f4bc45490e665f4bc45490fa0286f04724a82ccfa39df8341ba2c29d58f1bfcfd1c636929188bdd1afb2671665f4bc454911665f4bc454912665f4bc454913de4f65a65f38ef9024182bc649a998c7.png,2024-06-04
665f4c0e35cfc665f4c0e35d01665f4c0e35d03a0286f04724a82ccfa39df8341ba2c29d58f1bfcfd1c636929188bdd1afb2671665f4c0e35d04665f4c0e35d05665f4c0e35d06a62d370d3285b1dbbad90dfc79903eb1.png,2024-06-04
665f4db63799b665f4db63799e665f4db63799f959c33a117c5eb5011ee3a9acae61a54efee1c52b4732839a1c7417a347b9204665f4db6379a0665f4db6379a1665f4db6379a26a5a6648c55ea645c53c39f259c87be1.png,2024-06-04
665f73c2e2c26665f73c2e2c2b665f73c2e2c2ca0286f04724a82ccfa39df8341ba2c29d58f1bfcfd1c636929188bdd1afb2671665f73c2e2c2d665f73c2e2c2e665f73c2e2c2f2c7c023a7201dad852e1a608f215f303.png,2024-06-04
665f73cfe8726665f73cfe872a665f73cfe872ba0286f04724a82ccfa39df8341ba2c29d58f1bfcfd1c636929188bdd1afb2671665f73cfe872c665f73cfe872d665f73cfe872e2db61a4171db63a47b83be635be0fac7.png,2024-06-04
665f73dbd3ced665f73dbd3cf2665f73dbd3cf3a0286f04724a82ccfa39df8341ba2c29d58f1bfcfd1c636929188bdd1afb2671665f73dbd3cf4665f73dbd3cf5665f73dbd3cf60ab174445203eafa39955d7e919d932d.png,2024-06-04
6660c4938363a6660c493836416660c49383642a0286f04724a82ccfa39df8341ba2c29d58f1bfcfd1c636929188bdd1afb26716660c493836446660c493836456660c49383646d456bb0e30f15c3609cc0e14e4361862.png,2024-06-05
6660c49ece3086660c49ece30d6660c49ece30e92deb5893a2bca4bf56063e805f6f4f5618d5263ab18a586be35217a6312a4b06660c49ece3106660c49ece3116660c49ece3122eefc6d05f36697712b056fef6838505.png,2024-06-05
66a7c161aea9f66a7c161aeaa266a7c161aeaa38947274e74396e888a31c9fc84a13ea47d59330571dadde06cfb922c11557edb66a7c161aeaa466a7c161aeaa566a7c161aeaa682acbb41f41e53e6e9b247953073c969.txt,2024-07-29
66a7c1b0c7d8166a7c1b0c7d8366a7c1b0c7d848947274e74396e888a31c9fc84a13ea47d59330571dadde06cfb922c11557edb66a7c1b0c7d8566a7c1b0c7d8666a7c1b0c7d870ef8f91d27ce872f3fbff0fbc2551377.txt,2024-07-29
66a7c289bec5366a7c289bec5666a7c289bec578947274e74396e888a31c9fc84a13ea47d59330571dadde06cfb922c11557edb66a7c289bec5866a7c289bec5966a7c289bec5aa2504aac78eb5c725fa410eaf4be345b.txt,2024-07-29
66a7c2cf4630a66a7c2cf4630d66a7c2cf4630f8947274e74396e888a31c9fc84a13ea47d59330571dadde06cfb922c11557edb66a7c2cf4631066a7c2cf4631166a7c2cf46312cfdf61fdbe78a2254e6c4b6996c82558.txt,2024-07-29
66a7c2d34845466a7c2d34845666a7c2d3484578947274e74396e888a31c9fc84a13ea47d59330571dadde06cfb922c11557edb66a7c2d34845866a7c2d34845966a7c2d34845a27663af384fc3ab127600127ee5d7c2e.txt,2024-07-29
